,video_id,product_name
0,vmCnKGQ,Xfaiyx Smart Recorder
1,vUt-uCX,Xfaiyx Smart Translator
2,v3T6mPl,Xfaiyx Smart Recorder
3,vbesCCb,Xfaiyx Smart Translator
4,v1hWN0s,Xfaiyx Smart Recorder
5,vTdqmte,Xfaiyx Smart Translator
6,vQjtjf2,Xfaiyx Smart Translator
7,viVgLsZ,Xfaiyx Smart Translator
8,vKlzOiZ,Xfaiyx Smart Translator
9,vJUEX3u,Xfaiyx Smart Recorder
10,v4g6avX,Xfaiyx Smart Translator
11,v9edfKB,Xfaiyx Smart Translator
12,ve33QLn,Xfaiyx Smart Translator
13,vpOtjW1,Xfaiyx Smart Translator
14,vb-WyHa,Xfaiyx Smart Translator
15,vB3iY9I,Xfaiyx Smart Recorder
16,vr9Mebt,Xfaiyx Smart Translator
17,v8TdcdK,Xfaiyx Smart Translator
18,vhTHDT-,Xfaiyx Smart Translator
19,vWN5LPe,Xfaiyx Smart Translator
20,vIUVexk,Xfaiyx Smart Translator
21,vhLcap1,Xfaiyx Smart Translator
22,vvyoPyo,Xfaiyx Smart Translator
23,vlNO1SW,Xfaiyx Smart Translator
24,vC3BRAo,Xfaiyx Smart Translator
25,vcU7cYQ,Xfaiyx Smart Translator
26,vJOK_jc,Xfaiyx Smart Translator
27,vUG_xbR,Xfaiyx Smart Translator
28,vUfYwzN,Xfaiyx Smart Recorder
29,vz-3GxD,Xfaiyx Smart Translator
30,vz0mnPd,Xfaiyx Smart Translator
31,v129LuD,Xfaiyx Smart Translator
32,vz0DmiM,Xfaiyx Smart Recorder
33,vwK0Ro5,Xfaiyx Smart Recorder
34,vVS_NZR,Xfaiyx Smart Translator
35,vjEBu9W,Xfaiyx Smart Translator
36,vRoMHNQ,Xfaiyx Smart Translator
37,vhIxU0L,Xfaiyx Smart Translator
38,v4wSOpe,Xfaiyx Smart Translator
39,vIiTZO1,Xfaiyx Smart Recorder
40,vc_of-A,Xfaiyx Smart Translator
41,vKS-ol0,Xfaiyx Smart Translator
42,vgXp8qe,Xfaiyx Smart Translator
43,vwm_9ft,Xfaiyx Smart Translator
44,vej5bIY,Xfaiyx Smart Translator
45,v7lX8Ro,Xfaiyx Smart Recorder
46,vKJ2vqX,Xfaiyx Smart Translator
47,vgmyU_t,Xfaiyx Smart Translator
48,vdbLgWS,Xfaiyx Smart Translator
49,vZNFtEb,Xfaiyx Smart Translator
50,vzFysYU,Xfaiyx Smart Translator
51,vdKeRm9,Xfaiyx Smart Translator
52,vB0lLSM,Xfaiyx Smart Translator
53,v4Htv2Q,Xfaiyx Smart Translator
54,vOU2rJb,Xfaiyx Smart Recorder
55,vr_LT5A,Xfaiyx Smart Translator
56,vJAQbN9,Xfaiyx Smart Translator
57,v3-vK-4,Xfaiyx Smart Translator
58,vmsHv2Z,Xfaiyx Smart Translator
59,vdzrIP2,Xfaiyx Smart Translator
60,vgIkaeR,Xfaiyx Smart Translator
61,vb-Daa_,Xfaiyx Smart Translator
62,vlbVrtw,Xfaiyx Smart Translator
63,vjqfJjv,Xfaiyx Smart Translator
64,v5cquLT,Xfaiyx Smart Translator
65,vytrCKr,Xfaiyx Smart Translator
66,vOqoEVw,Xfaiyx Smart Translator
67,vtFQ8Km,Xfaiyx Smart Translator
68,v-ox8Uw,Xfaiyx Smart Translator
69,vOREHMM,Xfaiyx Smart Translator
70,vgIr-dG,Xfaiyx Smart Translator
71,vyTFg05,Xfaiyx Smart Translator
72,vZBnD1J,Xfaiyx Smart Translator
73,vbzCZ0h,Xfaiyx Smart Recorder
74,vTOfPvS,Xfaiyx Smart Translator
75,v95aInR,Xfaiyx Smart Translator
76,v0nP_KB,Xfaiyx Smart Translator
77,v_Ur2e7,Xfaiyx Smart Translator
78,vMULQIS,Xfaiyx Smart Translator
79,vusOhpE,Xfaiyx Smart Recorder
80,vHahKrc,Xfaiyx Smart Translator
81,vMSQja0,Xfaiyx Smart Translator
82,vnK5t9y,Xfaiyx Smart Translator
83,vyumcj7,Xfaiyx Smart Translator
84,v2cabia,Xfaiyx Smart Translator
